JK-SW-PNS/2023/00001,JK-SW-PNS/2023/00001,TSWO Mahore,"22010200000048	",1500,18-12-2025,THE JAMMU AND KASHMIR BANK LTD.,JAKA0ERAILH,GUPTA AMIT  ,JAKA0CHASAN,"0027040801023249	",OAP,OK,S5948953~1087428,24/05/2024,POSTED
JK-SW-PNS/2023/00002,JK-SW-PNS/2023/00002,TSWO Mahore,"22010200000048	",1500,18-12-2025,THE JAMMU AND KASHMIR BANK LTD.,JAKA0ERAILH,GUPTA RAHUL  ,JAKA0MAHORE,"0558040850500028	",OAP,OK,S5948953~1087429,24/05/2024,POSTED
JK-SW-PNS/2023/00003,JK-SW-PNS/2023/00003,TSWO Mahore,"22010200000048	",1500,18-12-2025,THE JAMMU AND KASHMIR BANK LTD.,JAKA0ERAILH,GUPTA SHIVAM  ,JAKA0CHASAN,"0033040103021626	",OAP,OK,S5948953~1087430,24/05/2024,POSTED
JK-SW-PNS/2023/00004,JK-SW-PNS/2023/00004,TSWO Mahore,"22010200000048	",1500,18-12-2025,THE JAMMU AND KASHMIR BANK LTD.,JAKA0ERAILH,GUPTA SHIVANSHU  ,JAJKA0CHASA,"0033040104021627	",OAP,OK,S5948953~1087431,24/05/2024,POSTED
JK-SW-PNS/2023/00005,JK-SW-PNS/2023/00005,TSWO Mahore,"22010200000048	",1500,18-12-2025,THE JAMMU AND KASHMIR BANK LTD.,JAKA0ERAILH,GUPTA REKHA  ,JAKA0REASSI,"0558040850500029	",WID,OK,S5948953~1087432,24/05/2024,POSTED
JK-SW-PNS/2023/00006,JK-SW-PNS/2023/00006,TSWO Mahore,"22010200000048	",1500,18-12-2025,THE JAMMU AND KASHMIR BANK LTD.,JAKA0ERAILH,GUPTA SHIV  ,JAKA0MAHORE,"3055040106002668	",OAP,OK,S5948953~1087433,24/05/2024,POSTED
JK-SW-PNS/2023/00007,JK-SW-PNS/2023/00007,TSWO Mahore,"22010200000048	",1500,18-12-2025,THE JAMMU AND KASHMIR BANK LTD.,JAKA0ERAILH,GUPTA ROSHAN  ,JAKA0MAHORE,"0027040807023322	",OAP,OK,S5948953~1087434,24/05/2024,POSTED
JK-SW-PNS/2023/00008,JK-SW-PNS/2023/00008,TSWO Mahore,"22010200000048	",1500,18-12-2025,THE JAMMU AND KASHMIR BANK LTD.,JAKA0ERAILH,GUPTA SITA  ,JAKA0MAHORE,"0032040850800538	",WID,OK,S5948953~1087435,24/05/2024,POSTED
JK-SW-PNS/2023/00009,JK-SW-PNS/2023/00009,TSWO Mahore,"22010200000048	",1500,18-12-2025,THE JAMMU AND KASHMIR BANK LTD.,JAKA0ERAILH,GUPTA SUDESH  ,JAKA0CHASAN,"0032040109007821	",OAP,OK,S5948953~1087436,24/05/2024,POSTED
JK-SW-PNS/2023/00010,JK-SW-PNS/2023/00010,TSWO Mahore,"22010200000048	",1500,18-12-2025,THE JAMMU AND KASHMIR BANK LTD.,JAKA0ERAILH,GUPTA SOMA  ,JAKA0CHASAN,"3020040101106400	",OAP,OK,S5948953~1087437,24/05/2024,POSTED
